id;name;password;email;birth_date;gender;short_bio;interests;image_path;nationality
1;Alaska;utilize;Karine.Toy@yahoo.com;2021-05-13;Lead;visualize;leading-edge;empower Intelligent Forint;Accounts hack Security
2;Investor Wyoming connect;panel;Elijah_Nikolaus52@gmail.com;2021-05-13;New;interactive grey services;cyan CFA;Security Avon;intermediate eyeballs
3;Generic;Loan dedicated array;Jasper_Quigley79@hotmail.com;2021-05-14;world-class leverage;Buckinghamshire Frozen Associate;Aruban Communications;Gorgeous;Grocery Shilling
4;fuchsia;Concrete Small;Mose_Bogisich@gmail.com;2021-05-13;Steel;relationships;Games;web;Bahamas
5;Gloves International hacking;Tasty;Johnny.Gibson4@hotmail.com;2021-05-13;harness National Pataca;Visionary Central connecting;Bike;networks Data;Cotton SAS
6;Buckinghamshire;programming;Isaac18@hotmail.com;2021-05-14;calculate full-range robust;compelling;Computers Mississippi Ways;auxiliary scale invoice;Forint
7;Borders Avon;Lead;Nasir84@hotmail.com;2021-05-13;synergies microchip open-source;Response;input;asymmetric;program
8;Computers;Fully-configurable user-centric Consultant;Ralph_Kautzer@hotmail.com;2021-05-13;Namibia Nauru Concrete;synthesize Soap;GB leading-edge;Steel Liechtenstein generating;Auto Soap
9;purposes strategy Unbranded;Keyboard;Else74@yahoo.com;2021-05-13;experiences Wooden Tajikistan;bypassing;Shoes supply-chains;Frozen orchestrate calculate;of distributed Bridge
10;Robust;Refined payment;Geraldine34@hotmail.com;2021-05-13;Estonia;compressing;compressing Incredible;Investment;maximize
